MinReturn,MeanKL,StdReturn,NumTrajs,Perplexity,Entropy,AverageDiscountedReturn,MaxReturn,dLoss,LossBefore,LossAfter,MeanKLBefore,Iteration,AveragePolicyStd,ExplainedVariance,AverageReturn
0.0,0.000813264032263,56.5063551539,473,4.13273135412,1.4189385332,70.8384389387,319.86943442,0.01190811824,9.09900776858e-17,-0.01190811824,0.0,0,1.0,4.21229717773e-12,74.6689389374
0.0,0.000664525321907,55.1805670482,490,4.12431547481,1.41690006051,68.2280322218,269.822943622,0.012714089119,4.61693344571e-17,-0.012714089119,0.0,1,0.997963603585,0.183920076617,71.8097369671
0.0,0.000784967711479,75.2854266557,398,4.10830362398,1.41301019975,84.3738446634,399.845648945,0.0118785323886,5.88418203051e-18,-0.0118785323886,0.0,2,0.99408920444,0.092472848085,90.445191638
0.0,0.000718730927106,75.6136442391,388,4.09165833052,1.40895034766,86.9699284321,389.813967469,0.0117039518476,-1.03299733929e-16,-0.0117039518476,0.0,3,0.990061530721,0.134613159088,93.3154496928
0.0,0.000675294370244,88.9137582801,388,4.06611201972,1.40268726518,85.962938887,979.543929444,0.00757104868627,-2.66872530351e-17,-0.00757104868627,0.0,4,0.983880071387,-0.629508705064,93.0628359752
